"last_name, first_name","player_id","year","player_age","ab","pa","hit","single","double","triple","home_run","strikeout","walk","k_percent","bb_percent","batting_avg","slg_percent","on_base_percent","on_base_plus_slg","isolated_power","babip","b_rbi","r_run","xba","xslg","woba","xwoba","xobp","xiso","wobacon","xwobacon","exit_velocity_avg","launch_angle_avg","sweet_spot_percent","barrel_batted_rate","hard_hit_percent","avg_best_speed","avg_hyper_speed","whiff_percent","swing_percent","pull_percent","straightaway_percent","opposite_percent","groundballs_percent","flyballs_percent","linedrives_percent"
"Cabrera, Miguel","408234","2021","38","472","526","121","90","16","0","15","118","40",22.4,7.6,".256",".386",".316","0.702","0.130",".305","75","48",".234",".420",".305",".315",".301",".186",".356",".372","91.4","10",32.8,8.3,49,"101.953387486","95.613068408",25.8,49.4,32.8,37.2,30,49,25.9,21.5
"Molina, Yadier","425877","2021","38","440","473","111","81","19","0","11","79","24",16.7,5.1,".252",".370",".297","0.667","0.118",".283","66","45",".255",".406",".290",".306",".300",".151",".321",".343","88","15.3",34.1,5.2,31.6,"97.653775275","92.936144353",24,57.1,43.4,34.3,22.3,42.6,29.1,21.7
"Cruz Jr., Nelson","443558","2021","40","513","584","136","82","21","1","32","126","51",21.6,8.7,".265",".497",".334","0.831","0.232",".286","86","79",".264",".512",".346",".363",".341",".248",".414",".439","92.9","11.8",31.8,13.6,52.5,"105.497885455","97.364589369",30.7,51,36.6,36.4,27,43.4,25.5,22
"Peralta, David","444482","2021","33","487","538","126","80","30","8","8","92","46",17.1,8.6,".259",".402",".325","0.727","0.143",".303","63","57",".243",".345",".314",".293",".313",".103",".343",".315","89.3","5.3",27.2,5,41.8,"101.204662576","94.748489747",21.3,46.5,31.2,40.8,28,54.9,15.6,23.2
"Blackmon, Charlie","453568","2021","34","514","582","139","97","25","4","13","91","54",15.6,9.3,".270",".411",".351","0.762","0.141",".305","78","76",".291",".450",".333",".359",".369",".160",".349",".385","87.6","10.2",32.6,7,38.5,"99.359821596","93.750499272",20.2,47.3,35.7,41.8,22.5,47.4,22.3,24.4
"Maldonado, Martín","455117","2021","34","373","426","64","41","10","1","12","127","47",29.8,11,".172",".300",".272","0.572","0.128",".221","36","40",".183",".312",".258",".267",".282",".129",".300",".316","88","17.6",30.8,5.7,33.2,"97.340165902","92.740188648",28.9,42.8,40.1,34,25.9,37.2,32.4,23.5
"McCutchen, Andrew","457705","2021","34","482","574","107","55","24","1","27","132","81",23,14.1,".222",".444",".334","0.778","0.222",".242","80","78",".240",".431",".335",".344",".352",".191",".375",".390","88.8","14.6",33.6,9,39.5,"99.449259775","93.945349747",25.9,41.7,48.7,32.8,18.5,40.9,30.5,21.6
"Turner, Justin","457759","2021","36","533","612","148","99","22","0","27","98","61",16,10,".278",".471",".361","0.832","0.193",".292","87","87",".270",".470",".358",".359",".358",".199",".382",".383","90.9","19.2",36.5,7.9,42.4,"99.559758318","94.25153575",17.7,44.5,31.3,38.5,30.2,35.4,33.1,24.5
"Posey III, Buster","457763","2021","34","395","454","120","79","23","0","18","87","56",19.2,12.3,".304",".499",".390","0.889","0.195",".349","56","68",".281",".469",".379",".361",".370",".188",".433",".406","88.5","8.7",38.4,8.1,39.4,"98.703017161","93.540916742",23.9,44.6,30.3,44.8,24.8,46.5,23.2,26.1
"Votto, Joey","458015","2021","37","448","533","119","59","23","1","36","127","77",23.8,14.4,".266",".563",".375","0.938","0.297",".287","99","73",".274",".592",".391",".406",".383",".318",".475",".498","92.9","18.2",44.3,17.2,53.2,"102.539441104","96.093851969",29.4,43.9,40.9,36.9,22.2,33.2,36.9,25.2
"Gardner, Brett","458731","2021","37","387","461","86","56","16","4","10","100","60",21.7,13,".222",".362",".327","0.689","0.140",".269","39","47",".219",".322",".305",".296",".326",".103",".326",".312","86.7","12.5",29.2,3.4,33.2,"97.795042847","92.940441986",18.3,37.5,33.6,37.6,28.9,46,21.8,21.5
"Andrus, Elvis","462101","2021","32","497","541","121","91","25","2","3","81","31",15,5.7,".243",".320",".294","0.614","0.077",".283","37","60",".273",".375",".270",".308",".324",".102",".286",".335","87.8","8.1",34,2.1,34.8,"98.143821256","93.154317918",19.6,48.9,32.2,42.3,25.5,47,17.5,28.4
"Santana, Carlos","467793","2021","35","565","659","121","87","15","0","19","102","86",15.5,13.1,".214",".342",".319","0.661","0.128",".227","69","66",".244",".421",".294",".335",".345",".177",".285",".342","89.9","12.9",28,6.8,41.9,"100.529242479","94.571698094",22.2,43.4,43.4,39.3,17.1,45.3,26.5,19.2
"Lowrie, Jed","476704","2021","37","457","512","112","70","28","0","14","108","49",21.1,9.6,".245",".398",".318","0.716","0.153",".289","69","55",".259",".464",".311",".343",".332",".206",".352",".399","90.7","16.4",36.5,9.3,45.9,"100.200115198","94.60925779",24.2,46.7,37.1,39.7,23.2,36.8,32.6,24.9
"Brantley Jr., Michael","488726","2021","34","469","508","146","106","29","3","8","53","33",10.4,6.5,".311",".437",".362","0.799","0.126",".337","47","68",".312",".466",".347",".361",".365",".154",".360",".378","89.5","9.9",38.8,5.8,42.9,"99.686219375","94.187918365",10.9,45.6,33.3,41.2,25.4,46.8,20.6,28.8
"Gurriel, Yuli","493329","2021","37","530","605","169","123","31","0","15","68","59",11.2,9.8,".319",".462",".383","0.845","0.143",".336","81","83",".271",".386",".363",".326",".347",".115",".373",".325","89.8","13.4",31,3.4,42,"99.889790127","94.187271203",13.9,42.8,33.3,40.9,25.7,41.6,24.3,25.5
"Rojas, Miguel","500743","2021","32","495","539","131","89","30","3","9","74","37",13.7,6.9,".265",".392",".322","0.714","0.127",".295","48","66",".249",".345",".311",".292",".308",".096",".328",".303","86.2","11.5",32.4,2.8,32.9,"96.919576095","92.460967976",19.3,45.7,33.3,38.5,28.1,45.6,22,24.3
"Escobar, Eduardo","500871","2021","32","549","599","139","80","26","5","28","124","48",20.7,8,".253",".472",".314","0.786","0.219",".279","90","77",".249",".453",".334",".328",".310",".205",".391",".382","87","20.8",38,8.9,34.5,"98.233403679","93.168115165",23.9,49.5,45.3,31,23.7,33.3,33.3,23
"Pham, Tommy","502054","2021","33","475","561","109","68","24","2","15","128","78",22.8,13.9,".229",".383",".340","0.723","0.154",".280","49","74",".253",".438",".318",".350",".362",".185",".350",".400","90.8","7.6",35.6,10,47.6,"101.782107886","95.261546371",23.6,38.2,30.8,40.7,28.5,49.6,21.4,24.8
"Martinez, J.D.","502110","2021","33","570","634","163","90","42","3","28","150","55",23.7,8.7,".286",".518",".349","0.867","0.232",".340","99","92",".288",".533",".364",".374",".352",".245",".452",".467","92.1","16.9",41.2,12.5,49.4,"102.421753991","95.887919576",29.2,54.2,33.4,36,30.6,34.1,31.5,28.9
"Goldschmidt, Paul","502671","2021","33","603","679","177","108","36","2","31","136","67",20,9.9,".294",".514",".365","0.879","0.220",".331","99","102",".293",".575",".373",".397",".366",".282",".434",".468","92.6","17.1",36.9,13.6,50.6,"102.744108602","96.119572675",24.9,44.2,37.1,38.6,24.4,37.3,31.1,24.6
"Altuve, Jose","514888","2021","31","601","678","167","103","32","1","31","91","66",13.4,9.7,".278",".489",".350","0.839","0.211",".280","83","117",".262",".421",".357",".332",".339",".159",".376",".344","87.7","15.6",32.1,6.4,35,"98.384760909","93.261160455",15.9,47.4,49.7,35.8,14.5,41,24.6,23.6
"Hernández, César","514917","2021","31","570","637","132","88","21","2","21","135","59",21.2,9.3,".232",".386",".308","0.694","0.154",".266","62","84",".243",".386",".302",".311",".319",".144",".340",".353","87.4","10.7",32.6,6.8,33.2,"98.368510187","93.237272693",22,47.1,35.2,41.1,23.7,47.3,25.1,23.7
"Segura, Jean","516416","2021","31","514","567","149","105","27","3","14","78","39",13.8,6.9,".290",".436",".348","0.784","0.146",".317","58","76",".266",".396",".338",".319",".328",".130",".361",".337","87.2","5.8",31.1,5.9,37.4,"99.697739358","93.921203784",17.1,48.7,30.2,41.5,28.3,52.4,19,22.7
"Marte, Starling","516782","2021","32","467","526","145","103","27","3","12","99","43",18.8,8.2,".310",".458",".383","0.841","0.148",".372","55","89",".277",".438",".364",".347",".354",".161",".413",".389","87.6","4.6",32.6,8.4,39.6,"100.239516776","94.207705479",24.4,49.5,34.2,38.8,27,56.3,16.7,22.9
"Donaldson, Josh","518626","2021","35","457","543","113","61","26","0","26","114","74",21,13.6,".247",".475",".352","0.827","0.228",".268","72","73",".269",".542",".353",".388",".372",".273",".393",".447","94.1","14.6",30.2,17.4,52.7,"104.204804343","97.023133829",27.6,45.2,42.5,35.9,21.7,43.9,28.5,20.5
"Freeman, Freddie","518692","2021","31","600","695","180","122","25","2","31","107","85",15.4,12.2,".300",".503",".393","0.896","0.203",".321","83","120",".320",".583",".379",".416",".410",".263",".411",".463","91.4","12",37.2,11.5,46.1,"101.764448826","95.351215951",21,51.2,36.2,37.8,26.1,43.2,28.9,25.1
"LeMahieu, DJ","518934","2021","32","597","679","160","125","24","1","10","94","73",13.8,10.8,".268",".362",".349","0.711","0.094",".301","57","84",".283",".397",".315",".340",".366",".114",".318",".350","90.6","5",33.3,3.7,43.5,"100.113305573","94.512956356",14.4,41.4,23.4,40,36.6,52,18.3,26.8
"Rizzo, Anthony","519203","2021","31","496","576","123","75","23","3","22","87","52",15.1,9,".248",".440",".344","0.784","0.192",".258","61","73",".261",".434",".339",".347",".356",".173",".346",".357","90.1","14.8",31.4,7.7,41.1,"100.696655631","94.60294966",20.8,46.5,43.2,34.5,22.2,41.3,27.1,23.9
"Stanton, Giancarlo","519317","2021","31","510","579","139","85","19","0","35","157","63",27.1,10.9,".273",".516",".354","0.870","0.243",".324","97","64",".262",".498",".370",".363",".346",".237",".473",".463","95.1","10.3",32.6,15.7,56.3,"108.657830625","99.263673807",32.6,44.2,34.8,36,29.2,45.5,23,24.2
"Perez, Salvador","521692","2021","31","620","665","169","97","24","0","48","170","28",25.6,4.2,".273",".544",".316","0.860","0.271",".298","121","88",".276",".566",".359",".374",".321",".289",".466",".487","93","15.9",34.1,16.3,56.2,"104.087645903","97.05981185",33.7,58.9,42.7,35,22.2,37.4,33,23.6
"Flores, Wilmer","527038","2021","29","389","436","102","67","16","1","18","56","41",12.8,9.4,".262",".447",".335","0.782","0.185",".264","53","57",".238",".400",".337",".312",".314",".161",".347",".313","88.6","18",32.7,6,35.4,"97.933465595","93.130124",16.4,46,43.8,36,20.2,37.2,32.1,22.9
"García, Avisaíl","541645","2021","30","461","515","121","74","18","0","29","121","38",23.5,7.4,".262",".490",".330","0.820","0.228",".291","86","68",".278",".514",".346",".366",".346",".236",".422",".452","90.4","9.3",35.9,12.2,46.4,"102.661785607","95.672483217",33.7,58.1,39.4,38.8,21.7,48.4,26.1,22
"Villar, Jonathan","542340","2021","30","454","505","113","75","18","2","18","132","46",26.1,9.1,".249",".416",".322","0.738","0.167",".313","42","63",".235",".388",".320",".307",".310",".153",".396",".377","88","7",29.9,7.4,34.9,"99.828691447","93.930594182",30.1,49.9,38,33.6,28.4,49.1,23.5,21.9
"Aguilar, Jesús","542583","2021","31","449","510","117","72","23","0","22","93","46",18.2,9,".261",".459",".329","0.788","0.198",".279","93","49",".260",".453",".334",".334",".329",".193",".375",".375","89.6","19",34.7,8.5,41,"100.000025495","94.305900248",25.9,44.8,41.3,37.5,21.2,33.3,31.7,26.7
"Crawford, Brandon","543063","2021","34","483","549","144","87","30","3","24","105","56",19.1,10.2,".298",".522",".373","0.895","0.224",".334","90","79",".259",".492",".377",".356",".341",".233",".435",".405","88.8","14.7",35.8,11.5,43.3,"99.818696492","94.078049948",29.3,51.7,33.2,39.2,27.7,40.5,28.7,23
"Cron, C.J.","543068","2021","31","470","547","132","72","31","1","28","117","60",21.4,11,".281",".530",".375","0.905","0.249",".316","92","70",".261",".481",".383",".364",".360",".220",".447",".418","88.8","15.8",31.9,11.5,42,"101.733108492","94.934202465",27.4,47.1,38.9,35.6,25.5,38.7,32.5,21.3
"Grossman, Robbie","543257","2021","31","557","671","133","84","23","3","23","155","98",23.1,14.6,".239",".415",".357","0.772","0.176",".286","67","88",".234",".399",".337",".334",".355",".165",".376",".371","87.8","21.1",39.5,7.6,34.1,"97.650887745","92.935303661",21.6,38.4,43.9,30.7,25.4,30,35.9,26.8
"Harrison, Josh","543281","2021","33","505","558","141","98","33","2","8","75","31",13.4,5.6,".279",".400",".341","0.741","0.121",".313","60","58",".278",".420",".325",".333",".340",".142",".338",".349","87.2","14.5",39.5,4.4,32.6,"97.20370125","92.65377125",18.8,55.4,37,40,23.1,40.2,27.3,27.3
"Hosmer, Eric","543333","2021","31","509","565","137","97","28","0","12","99","48",17.5,8.5,".269",".395",".337","0.732","0.126",".313","65","53",".268",".406",".319",".326",".337",".137",".350",".359","90.5","3.3",26.6,5.8,47,"102.446751471","95.653349314",22.9,48.3,26.4,42.9,30.8,56.2,14.8,23.2
"McCann, James","543510","2021","31","375","412","87","64","12","1","10","115","32",27.9,7.8,".232",".349",".294","0.643","0.117",".304","46","29",".219",".339",".281",".280",".286",".119",".353",".350","87.3","9.3",32.3,6.1,40.7,"99.60505","93.951917356",27,50.2,35.4,39.2,25.5,52.1,24,20.2
"Semien, Marcus","543760","2021","30","652","724","173","87","39","2","45","146","66",20.2,9.1,".265",".538",".334","0.872","0.273",".276","102","115",".249",".459",".368",".336",".320",".211",".429",".385","89.7","20.3",35.2,9.8,41.3,"99.347364664","93.999108178",21.5,45.1,47,33.6,19.4,31,36.7,23.2
"Vázquez, Christian","543877","2021","30","458","498","118","88","23","1","6","84","33",16.9,6.6,".258",".352",".308","0.660","0.094",".301","49","51",".235",".337",".289",".276",".287",".102",".316",".298","86.3","13.6",33,2.6,31.1,"97.030512447","92.53569576",17.6,47,28.8,38.3,33,42.2,28,22.4
"Wong, Kolten","543939","2021","30","445","492","121","73","32","2","14","83","31",16.9,6.3,".272",".447",".335","0.782","0.175",".305","50","70",".251",".382",".337",".308",".317",".131",".370",".331","88.3","12.8",35.3,5.5,34.8,"98.306274469","93.257560531",18.8,47.9,37.8,37,25.2,43.8,23,26.8
"Gregorius, Didi","544369","2021","31","368","408","77","46","16","2","13","67","25",16.4,6.1,".209",".370",".270","0.640","0.161",".217","54","35",".225",".329",".275",".275",".287",".105",".291",".291","86.1","18.3",32.1,2.3,26.6,"96.254415526","92.127214605",24.6,54.4,44.5,32.5,23.1,38.3,26,21.8
"Garcia, Leury","544725","2021","30","415","474","111","80","22","4","5","97","41",20.5,8.6,".267",".376",".335","0.711","0.109",".333","54","60",".240",".336",".312",".291",".312",".096",".353",".322","86.1","4.3",30.1,3.3,32.5,"97.383117421","92.707989088",24.3,52.6,34.9,39.8,25.3,56.9,18.7,21.7
"Grichuk, Randal","545341","2021","29","511","545","123","75","25","1","22","114","27",20.9,5,".241",".423",".281","0.704","0.182",".266","81","59",".234",".402",".300",".297",".278",".167",".356",".352","89.8","16.1",30.4,8.5,41.1,"101.265902714","94.873053501",23.2,52.3,36.4,37.4,26.2,39.7,29.4,20
"Herrera, Odúbel","546318","2021","29","450","492","117","75","27","2","13","77","29",15.7,5.9,".260",".416",".310","0.726","0.156",".285","51","59",".252",".378",".312",".302",".306",".125",".340",".327","88.9","7.3",32.5,4.7,40.1,"100.897753189","94.616140163",19.9,50.3,31.1,41.4,27.4,50.1,17.7,25.9
"Harper, Bryce","547180","2021","28","488","599","151","73","42","1","35","134","100",22.4,16.7,".309",".615",".429","1.044","0.306",".359","84","101",".301",".609",".431",".430",".423",".308",".525",".523","92.5","13.3",38.9,18.1,49.7,"104.095508409","96.641756068",31.9,47.5,36.4,35.3,28.3,41.9,26.4,27.2
"Abreu, José","547989","2021","34","566","659","148","86","30","2","30","143","61",21.7,9.3,".261",".481",".351","0.832","0.220",".293","117","86",".252",".457",".354",".349",".347",".205",".407",".400","92","10.4",31.2,10.2,49.3,"102.892077685","95.964420464",27.7,48.4,35.1,41.3,23.6,47.3,25.6,21.7
"Narváez, Omar","553882","2021","29","391","445","104","73","20","0","11","84","41",18.9,9.2,".266",".402",".342","0.744","0.136",".308","49","54",".235",".369",".322",".304",".318",".134",".355",".328","84.6","17.9",40.3,5.1,25.6,"95.24547414","91.64567869",23.6,52.2,37.1,36.4,26.5,34.2,31,27.5
"Suárez, Eugenio","553993","2021","29","505","574","100","46","23","0","31","171","56",29.8,9.8,".198",".428",".286","0.714","0.230",".224","79","71",".215",".455",".306",".326",".302",".240",".387",".420","89.1","18.3",33,15,39.8,"100.26923","94.340085339",29.5,42.7,46.3,32.4,21.2,36.3,35.7,20.4
"Urshela, Gio","570482","2021","29","420","442","112","78","18","2","14","109","20",24.7,4.5,".267",".419",".301","0.720","0.152",".329","49","42",".252",".415",".309",".304",".288",".163",".391",".384","88.9","7.5",36.2,8,42,"99.811173013","94.060609231",25,54,31.1,40.4,28.5,48.4,23.7,25.6
"Schoop, Jonathan","570731","2021","29","623","674","173","120","30","1","22","133","37",19.7,5.5,".278",".435",".320","0.755","0.157",".317","84","85",".258",".404",".324",".311",".305",".147",".378",".361","88.1","10.8",30.1,6.8,40.2,"101.189261968","94.661372435",24.7,52.5,35.9,39,25.1,48.4,20.3,21.7
"Arenado, Nolan","571448","2021","30","593","653","151","80","34","3","34","96","50",14.7,7.7,".255",".494",".312","0.806","0.239",".249","105","81",".248",".420",".336",".311",".308",".172",".368",".336","89","20",34.1,6.7,37.5,"98.719642976","93.570965437",18.5,46.8,45.8,33.3,20.8,31.3,32.7,24.8
"Farmer, Kyle","571657","2021","30","483","529","127","87","22","2","16","97","22",18.3,4.2,".263",".416",".316","0.732","0.153",".296","63","60",".252",".383",".316",".302",".306",".132",".356",".336","87.2","15.8",36,4.3,31.9,"97.545416308","92.888295077",20,49.9,35.5,39.5,25,40.8,25.5,25.3
"Haniger, Mitch","571745","2021","30","620","691","157","93","23","2","39","169","54",24.5,7.8,".253",".485",".318","0.803","0.232",".281","100","110",".262",".497",".340",".353",".329",".235",".418",".438","89.3","14.8",33.6,12.6,45.1,"100.90811287","94.762439739",29.8,46.6,44.7,35.5,19.8,43.1,29.2,19.6
"Hernández, Enrique","571771","2021","29","508","585","127","69","35","3","20","110","61",18.8,10.4,".250",".449",".337","0.786","0.199",".278","60","84",".253",".455",".338",".346",".342",".202",".368",".380","90.8","17.9",36.5,8.4,43.2,"99.999080443","94.357513827",23.5,44.6,42.5,31.9,25.7,33.6,32.6,24.9
"Muncy, Max","571970","2021","30","497","592","124","60","26","2","36","120","83",20.3,14,".249",".527",".368","0.895","0.278",".257","94","95",".271",".580",".379",".407",".387",".309",".424",".468","91.2","15.2",34.9,16.1,46.6,"102.0590325","95.545324574",23.4,37.6,38.9,39.4,21.7,38.6,33.1,22.8
"Myers, Wil","571976","2021","30","442","500","113","70","24","2","17","141","54",28.2,10.8,".256",".434",".334","0.768","0.178",".333","63","56",".218",".370",".330",".295",".301",".152",".422",".364","88","10.6",31.5,7.5,38,"99.248078867","93.720577324",31.6,46.3,37.7,42.3,20,45.2,27.2,21.3
"Naquin, Tyler","571980","2021","30","411","454","111","66","24","2","19","106","35",23.3,7.7,".270",".477",".333","0.810","0.207",".318","70","52",".264",".459",".345",".340",".328",".196",".419",".413","89.8","9.6",31.5,10.4,41.6,"101.606264067","95.061087033",23.7,56.3,40.9,34.7,24.4,48.4,24,22.1
"Pollock, AJ","572041","2021","33","384","422","114","65","27","1","21","80","30",19,7.1,".297",".536",".355","0.891","0.239",".326","69","53",".282",".499",".375",".359",".343",".217",".439",".418","90.3","12",35,11.1,47.4,"101.215235526","95.03458727",24.2,52.8,38.2,39.2,22.5,39.5,27.8,26.8
"Seager, Kyle","572122","2021","33","603","670","128","63","29","1","35","161","59",24,8.8,".212",".438",".285","0.723","0.226",".226","101","73",".221",".452",".308",".319",".294",".231",".366",".383","89","19.5",35.7,12.3,40.1,"99.68216","94.062280564",29.6,49.6,43.3,33,23.8,33.4,37.7,19.7
"Taylor, Michael A.","572191","2021","30","483","528","118","89","16","1","12","144","33",27.3,6.3,".244",".356",".297","0.653","0.112",".319","54","58",".246",".390",".286",".300",".299",".144",".360",".382","89.4","12.1",30.6,6.6,40.2,"100.404271228","94.393365396",30.9,51.9,32.4,41.9,25.7,46.2,27.5,22.5
"Walker, Christian","572233","2021","30","401","445","98","64","23","1","10","106","38",23.8,8.5,".244",".382",".315","0.697","0.138",".307","46","55",".249",".386",".304",".311",".320",".136",".358",".369","88.8","15.6",34,6.4,41.1,"100.28235","94.26129266",27.3,53.6,38.4,33.3,28.3,39.4,28.3,24.2
"Yastrzemski, Mike","573262","2021","30","468","532","105","49","28","3","25","131","51",24.6,9.6,".224",".457",".311","0.768","0.233",".254","71","75",".221",".431",".326",".318",".309",".210",".390",".378","89.5","19.4",33.1,10.3,39.3,"99.157264671","93.794353174",24.2,45.9,46.3,33.1,20.5,34.3,35.8,22
"Contreras, Willson","575929","2021","29","413","483","98","57","20","0","21","138","52",28.6,10.8,".237",".438",".340","0.778","0.201",".298","57","61",".240",".448",".337",".346",".344",".209",".420",".436","91.8","9.6",30.1,11.1,48.4,"103.658236475","96.307224532",34.5,45.1,37.3,37.6,25.1,51.6,25.1,18.6
"Iglesias, Jose","578428","2021","31","483","511","131","93","27","2","9","75","21",14.7,4.1,".271",".391",".309","0.700","0.120",".305","48","65",".270",".366",".304",".297",".308",".096",".334",".326","85.4","11.5",35.5,3.4,28.6,"96.57281701","92.297143784",18.9,55,32.3,44.3,23.5,42.1,22,29.3
"Bryant, Kris","592178","2021","29","513","586","136","77","32","2","25","135","62",23,10.6,".265",".481",".353","0.834","0.216",".313","73","86",".260",".449",".356",".346",".349",".189",".423",".407","88.2","15.1",37.1,10.3,40,"99.222537","93.821051447",28,48.7,38.2,38.9,22.9,37.9,29.5,26.3
"Canha, Mark","592192","2021","32","519","625","120","77","22","4","17","128","77",20.5,12.3,".231",".387",".358","0.745","0.156",".274","61","93",".231",".378",".333",".332",".358",".147",".344",".343","87.3","13.5",36.1,7.1,35.4,"97.938321269","93.004303181",21.5,40.5,39.7,36.4,23.9,42.2,24.4,26
"Castellanos, Nick","592206","2021","29","531","585","164","91","38","1","34","121","41",20.7,7,".309",".576",".362","0.938","0.267",".340","100","95",".293",".535",".391",".374",".350",".241",".473",".450","89.8","14",44,10.6,46.9,"101.478243413","95.160421779",30.6,55,39.2,35.8,25,38,29.1,29.3
"Gamel, Ben","592325","2021","29","340","400","84","55","18","3","8","105","51",26.3,12.8,".247",".388",".347","0.735","0.141",".329","26","43",".230",".373",".322",".315",".335",".143",".383",".371","89","16.7",41.5,7.9,36.5,"98.769805556","93.550768069",27,44.5,39,38.2,22.8,32.4,29,33.2
"Judge, Aaron","592450","2021","29","550","633","158","95","24","0","39","158","75",25,11.8,".287",".544",".373","0.917","0.257",".332","98","89",".308",".594",".387",".418",".394",".286",".483",".532","95.8","11.6",38.5,17.6,58.4,"107.090197563","98.864780584",29.1,42.5,35.8,37.3,27,42.1,28,27.2
"Machado, Manny","592518","2021","28","564","640","157","96","31","2","28","102","63",15.9,9.8,".278",".489",".347","0.836","0.211",".290","106","92",".295",".531",".350",".380",".367",".236",".385",".426","93.1","14",33.8,13.3,52.2,"104.861270593","97.161278811",23,48,38.3,40,21.8,39.5,25.4,26.4
"Pederson, Joc","592626","2021","29","429","481","102","62","19","3","18","117","39",24.3,8.1,".238",".422",".310","0.732","0.184",".281","61","55",".244",".441",".315",".333",".319",".197",".375",".402","91","14.1",31.2,10.1,47.6,"102.043830449","95.564759776",26.3,48.7,34.4,39.7,25.9,40.1,29.3,22.7
"Realmuto, J.T.","592663","2021","30","476","537","125","79","25","4","17","129","48",24,8.9,".263",".439",".343","0.782","0.176",".325","73","64",".253",".416",".336",".329",".335",".164",".404",".393","89.6","11.5",31.2,8.6,44.7,"101.300227486","94.997809341",27,49.5,31.5,35.8,32.7,46.7,24.4,23.2
"Renfroe, Hunter","592669","2021","29","521","572","135","71","33","0","31","130","44",22.7,7.7,".259",".501",".315","0.816","0.242",".284","96","89",".260",".506",".344",".354",".320",".245",".417",".433","90.1","15.6",32.7,14.4,44.3,"102.674148889","95.514085899",25.9,48.2,41.8,31.7,26.4,38.5,27,22.9
"Rosario, Eddie","592696","2021","29","379","412","98","62","19","3","14","61","26",14.8,6.3,".259",".435",".305","0.740","0.176",".273","62","42",".255",".427",".316",".319",".305",".172",".344",".349","88.5","15.5",34.3,5.9,35.8,"98.13205425","93.256977774",19.2,53.5,40.1,35.2,24.7,38.6,28.7,24.7
"Simmons, Andrelton","592743","2021","31","412","451","92","77","12","0","3","62","32",13.7,7.1,".223",".274",".283","0.557","0.051",".256","31","37",".230",".281",".252",".261",".290",".050",".252",".264","84.1","3.9",29.1,0.6,21.8,"94.564850578","91.340361942",16.5,45,37,42.1,20.9,54.8,16.4,21.8
"Yelich, Christian","592885","2021","29","399","475","99","69","19","2","9","113","70",23.8,14.7,".248",".373",".362","0.735","0.125",".321","51","70",".254",".392",".325",".337",".368",".138",".365",".385","91","2.8",29.4,7.6,48.8,"102.904104931","95.927427979",24.9,41.4,33.9,36.3,29.8,55.7,17,23.9
"Merrifield, Whit","593160","2021","32","664","720","184","129","42","3","10","103","40",14.3,5.6,".277",".395",".317","0.712","0.118",".309","74","97",".263",".383",".306",".301",".306",".120",".332",".325","86.9","14.1",40,3.5,28.8,"96.198273099","92.10313669",18.1,50,34,34.2,31.8,41.7,25.8,26.7
"Bogaerts, Xander","593428","2021","28","529","603","156","98","34","1","23","113","62",18.7,10.3,".295",".493",".370","0.863","0.198",".333","79","90",".280",".468",".368",".359",".359",".189",".416",".404","89.6","12.5",36.4,9.7,43,"100.949849336","94.630657583",22,45.7,41.6,35,23.4,40.2,23.9,28.8
"Polanco, Jorge","593871","2021","27","588","644","158","88","35","2","33","118","45",18.3,7,".269",".503",".323","0.826","0.234",".282","98","97",".267",".488",".349",".348",".323",".220",".400",".398","89.4","19.3",36.1,10.1,37.4,"99.644968803","94.059153897",19.7,49.5,51.9,29.6,18.5,33,32.8,27.1
"Sanó, Miguel","593934","2021","28","470","532","105","51","24","0","30","183","59",34.4,11.1,".223",".466",".312","0.778","0.243",".291","75","68",".216",".439",".332",".322",".306",".223",".468",".451","93.4","17.6",32.3,17.7,55.9,"105.463960417","97.768462404",38.2,44.6,43.8,30.2,26,39.2,29.9,22.6
"Duvall, Adam","594807","2021","32","513","555","117","60","17","2","38","174","35",31.4,6.3,".228",".491",".281","0.772","0.263",".260","113","67",".227",".499",".324",".330",".281",".271",".448",".457","89.8","23.6",33.3,16.1,43.9,"101.576989532","95.059923684",29.3,50,46.8,35.4,17.8,30.7,40.1,17.8
"Profar, Jurickson","595777","2021","28","353","412","80","57","17","2","4","65","49",15.8,11.9,".227",".320",".329","0.649","0.093",".266","33","47",".238",".323",".293",".302",".339",".085",".284",".296","85.3","14",30.6,2.7,30.2,"96.637331931","92.333732595",17.9,43.7,35.7,34.4,29.9,43.3,20.6,23.7
"Báez, Javier","595879","2021","28","502","547","133","82","18","2","31","184","28",33.6,5.1,".265",".494",".319","0.813","0.229",".352","87","80",".237",".450",".344",".321",".295",".213",".498",".460","90.1","10.6",32.7,13.4,45.2,"102.100878994","95.40051456",40.5,56.9,40.2,37.7,22.1,46.7,24.9,20.6
"Lindor, Francisco","596019","2021","27","452","524","104","65","16","3","20","96","58",18.3,11.1,".230",".412",".322","0.734","0.182",".248","63","73",".254",".450",".317",".344",".345",".197",".339",".378","90.7","14.4",35.6,8.2,44.1,"100.654597006","94.782827712",23.2,47.4,39.5,37.3,23.3,41.6,29.9,21.9
"Story, Trevor","596115","2021","28","526","595","132","69","34","5","24","139","53",23.4,8.9,".251",".471",".329","0.800","0.220",".293","75","88",".245",".450",".341",".335",".326",".205",".405",".397","90.6","17.5",34.2,9.9,42.6,"100.826442959","94.729589592",27.4,50.8,33.9,37.5,28.6,36.5,30.9,24.2
"Sánchez, Gary","596142","2021","28","383","440","78","41","13","1","23","121","52",27.5,11.8,".204",".423",".307","0.730","0.219",".230","54","54",".228",".452",".314",".336",".328",".224",".381",".417","89.5","20.5",34.4,13.7,42,"101.387474046","94.874494389",29.4,44.1,54.6,26.3,19.1,35.9,31.3,20.6
"Kepler, Max","596146","2021","28","426","490","90","46","21","4","19","96","54",19.6,11,".211",".413",".306","0.719","0.202",".225","54","61",".255",".452",".309",".347",".347",".197",".332",".388","89.8","16.3",35.3,10.8,42.5,"100.947813174","94.654756198",23,44.7,41.9,36.8,21.3,37.7,28.1,24.9
"Franco, Maikel","596748","2021","28","377","403","79","46","22","0","11","67","20",16.6,5,".210",".355",".253","0.608","0.145",".225","47","31",".224",".344",".263",".270",".269",".119",".287",".296","88.2","9.1",28.1,5.1,33.9,"99.462911847","93.782594824",24.1,50.1,42.8,34.8,22.4,48.6,20.8,21.7
"Bradley Jr., Jackie","598265","2021","31","387","428","63","40","14","3","6","132","28",30.8,6.5,".163",".261",".236","0.497","0.098",".226","29","39",".194",".290",".224",".253",".266",".096",".269",".318","89.7","9.6",27.9,5,40.3,"98.888279922","93.730124086",34.3,47.8,36.4,44.2,19.4,49.6,20.9,22.9
"Severino, Pedro","600474","2021","27","379","419","94","65","18","0","11","109","34",26,8.1,".248",".383",".308","0.691","0.135",".314","46","32",".249",".401",".299",".311",".312",".151",".369",".387","88.2","15.2",33.5,7.6,38.5,"100.998962681","94.5406432",29.5,47.9,43.3,30.9,25.8,39.3,20.4,28
"Candelario, Jeimer","600869","2021","27","557","626","151","90","42","3","16","135","65",21.6,10.4,".271",".443",".351","0.794","0.172",".333","67","75",".278",".462",".344",".356",".358",".184",".398",".416","88.7","12.6",38.6,9,39.1,"99.820428626","94.030826508",23.4,47.6,40.8,35.8,23.5,40.8,25.6,28.9
"Ahmed, Nick","605113","2021","31","434","473","96","58","30","3","5","104","34",22,7.2,".221",".339",".280","0.619","0.118",".279","38","46",".208",".290",".269",".249",".268",".083",".311",".283","87.2","10.1",27.9,2.4,27.9,"96.727999817","92.379487034",26.7,50,38.7,37.2,24,49.2,21.6,21.6
"Bell, Josh","605137","2021","28","498","568","130","78","24","1","27","101","65",17.8,11.4,".261",".476",".347","0.823","0.215",".276","88","75",".277",".488",".352",".367",".363",".210",".385",".406","92.5","4.9",28.5,8.8,52,"103.31235455","96.348443033",24.1,46.7,36.8,39.3,24,54.3,21.3,22
"Betts, Mookie","605141","2021","28","466","550","123","68","29","3","23","86","68",15.6,12.4,".264",".487",".367","0.854","0.223",".276","58","93",".263",".445",".365",".357",".369",".182",".381",".369","90.3","18.9",34,7.8,41,"99.139157135","94.102277154",16.8,40.4,45.2,32.2,22.6,34.8,33,23.6
"Tapia, Raimel","606132","2021","27","487","533","133","99","26","2","6","70","40",13.1,7.5,".273",".372",".327","0.699","0.099",".306","50","69",".241",".308",".305",".273",".298",".067",".319",".279","85.7","-4.4",19.9,2.1,31.5,"96.953380048","92.476739258",14.7,51.2,26.5,41.5,32,68,12.3,16.8
"Hernández, Teoscar","606192","2021","28","550","595","163","102","29","0","32","148","36",24.9,6.1,".296",".524",".346","0.870","0.228",".352","116","92",".284",".537",".369",".370",".336",".252",".470",".472","91.8","13.1",37.4,13.9,49,"103.3032702","96.169584775",31.8,51.8,40.6,33.4,26,39.4,27.5,27.7
"Turner, Trea","607208","2021","28","595","646","195","130","34","3","28","110","41",17,6.3,".328",".536",".375","0.911","0.208",".362","77","107",".304",".485",".386",".364",".355",".181",".445",".416","89.6","11.4",34.6,7.4,46.2,"101.311622295","94.938968542",23,49.2,36.6,37.6,25.6,45.6,23.5,24.5
"Stallings, Jacob","607732","2021","31","374","427","92","63","20","1","8","85","49",19.9,11.5,".246",".369",".335","0.704","0.123",".297","53","38",".245",".369",".312",".314",".335",".125",".336",".339","88.1","10.7",37.1,4.5,36.4,"98.149676897","93.250874586",23.3,42.5,35.1,44,21,44.7,23.4,27.1
"Ramírez, José","608070","2021","28","552","636","147","74","32","5","36","87","72",13.7,11.3,".266",".538",".355","0.893","0.272",".256","103","111",".283",".508",".372",".376",".373",".226",".393",".399","90","18.2",33.4,11.1,42.4,"100.831039528","94.777982232",14.9,43,54.7,30.2,15.1,36.2,27,24
"Bregman, Alex","608324","2021","27","348","400","94","65","17","0","12","53","44",13.3,11,".270",".422",".355","0.777","0.152",".286","55","54",".258",".417",".336",".332",".346",".159",".342",".337","89","15.9",33.8,6.4,38.1,"98.729469933","93.691938758",13.5,41.4,48.2,33.1,18.7,41.5,27.1,23.1
"Gallo, Joey","608336","2021","27","498","616","99","47","13","1","38","213","111",34.6,18,".199",".458",".351","0.809","0.259",".246","77","90",".199",".460",".348",".352",".352",".261",".473",".481","91.5","22.7",29.4,18.5,45.8,"103.455349562","96.100400474",38.8,40.4,43,34.3,22.7,36.4,35.7,15.7
"Seager, Corey","608369","2021","27","353","409","108","67","22","3","16","66","48",16.1,11.7,".306",".521",".394","0.915","0.215",".336","57","54",".295",".530",".389",".392",".386",".235",".424",".428","91","10.7",36.6,12.4,49.3,"102.128592069","95.562976483",28.1,53.3,33.8,42.1,24.1,46.6,24.1,25.2
"Winker, Jesse","608385","2021","27","423","485","129","72","32","1","24","75","53",15.5,10.9,".305",".556",".394","0.950","0.251",".324","71","77",".295",".524",".403",".390",".385",".229",".439",".420","90.6","10.8",38.2,11.2,47.1,"101.264512356","95.148046121",20.1,45.1,37.9,37.4,24.7,42.5,25.3,26.1
"Reyes, Franmil","614177","2021","25","418","466","106","56","18","2","30","149","43",32,9.2,".254",".522",".324","0.846","0.268",".314","85","57",".246",".512",".354",".353",".319",".266",".496",".494","91.9","9.8",31.3,16.9,48.5,"104.674992889","96.702060407",33.7,45.4,37.5,40.4,22.1,46.3,25,21.7
"Swanson, Dansby","621020","2021","27","588","653","146","84","33","2","27","167","52",25.6,8,".248",".449",".311","0.760","0.201",".297","88","78",".251",".455",".322",".332",".316",".205",".402",".417","89.3","14.1",36.8,11.4,42.7,"99.888272056","94.152698735",30.4,48.1,40.3,35.4,24.2,40.1,28.9,24.5
"Newman, Kevin","621028","2021","27","517","554","117","87","22","3","5","41","27",7.4,4.9,".226",".309",".265","0.574","0.083",".236","39","50",".255",".330",".249",".275",".293",".076",".247",".277","85.3","9.9",32,1.6,26,"95.837500212","91.93298839",11.8,44.9,31.8,42.9,25.4,45.8,21.4,25.2
"Taylor, Chris","621035","2021","30","507","582","129","80","25","4","20","167","63",28.7,10.8,".254",".438",".344","0.782","0.184",".337","73","92",".237",".422",".338",".329",".330",".185",".431",".415","88.2","17.4",38.1,10.2,38.1,"99.754756176","93.990311298",32.7,45.6,42.2,35.5,22.4,36.9,32.3,24.7
"Correa, Carlos","621043","2021","26","555","640","155","94","34","1","26","116","75",18.1,11.7,".279",".485",".366","0.851","0.206",".308","92","104",".296",".482",".364",".373",".380",".186",".401",".415","90.2","12.1",33.5,9.4,42.7,"101.559240852","95.042767326",20.9,42.1,33.5,38.2,28.3,42.5,23.4,26.1
"Wendle, Joey","621563","2021","31","460","501","122","76","31","4","11","113","28",22.6,5.6,".265",".422",".319","0.741","0.157",".327","54","73",".238",".356",".317",".286",".295",".118",".382",".338","87.9","6.2",30.6,4.6,34.6,"98.186461965","93.246941532",25,48.1,35.7,34.3,30,50,22,25.1
"Olson, Matt","621566","2021","27","565","673","153","79","35","0","39","113","88",16.8,13.1,".271",".540",".371","0.911","0.269",".269","111","101",".264",".507",".379",".378",".374",".243",".413",".413","91.6","16.2",32.4,12.7,48.8,"102.889106926","95.968662554",23,47,39.5,33.7,26.8,40.4,30.2,19.7
"Margot, Manuel","622534","2021","26","421","464","107","76","18","3","10","70","37",15.1,8,".254",".382",".313","0.695","0.128",".281","57","55",".268",".397",".301",".318",".328",".129",".321",".342","87.9","10.7",31.5,5.1,40.2,"99.808768523","93.961249772",20.3,51.1,32.9,44.7,22.5,48,22.2,21.6
"Santander, Anthony","623993","2021","26","406","438","98","56","24","0","18","101","23",23.1,5.3,".241",".433",".286","0.719","0.192",".275","50","54",".269",".446",".307",".328",".314",".177",".373",".404","90.7","18",34.5,8.4,43.5,"101.427339286","95.071361201",25.1,51.5,39,37.4,23.5,35.2,26.5,26.8
"Alonso, Pete","624413","2021","26","561","637","147","80","27","3","37","127","60",19.9,9.4,".262",".519",".344","0.863","0.257",".274","94","81",".271",".542",".363",".377",".352",".271",".417",".438","91","14.7",34.5,14.8,47.3,"103.709055662","96.163804165",24.9,49.3,38.4,35.2,26.5,39,30.8,22.8
"Conforto, Michael","624424","2021","28","406","479","94","60","20","0","14","104","59",21.7,12.3,".232",".384",".344","0.728","0.152",".276","55","52",".253",".436",".322",".350",".364",".183",".348",".393","88.5","13.2",32.9,9.2,39.5,"99.624073158","93.947085809",23.3,44.3,42.1,35.5,22.4,45.1,29.3,21.4
"Frazier, Adam","624428","2021","29","577","639","176","130","36","5","5","69","48",10.8,7.5,".305",".411",".368","0.779","0.106",".339","43","83",".288",".376",".341",".324",".353",".088",".347",".327","85.4","12.6",38.9,1,25.2,"94.770636087","91.395336317",12.4,47.6,35.5,33,31.4,42.4,20.3,31.3
"Soler, Jorge","624585","2021","29","516","602","115","61","27","0","27","142","67",23.6,11.1,".223",".432",".316","0.748","0.209",".250","70","74",".250",".494",".323",".359",".341",".244",".373",".429","91.2","15.7",30.9,12.7,47,"103.589178942","96.139729418",29.2,44.8,50.7,29,20.1,41.4,29.6,20.1
"Cronenworth, Jake","630105","2021","27","567","643","151","90","33","7","21","90","55",14,8.6,".266",".460",".340","0.800","0.194",".283","71","94",".276",".443",".341",".344",".351",".166",".361",".365","88.6","12.5",35.8,7.2,35,"98.727004664","93.509905895",13.7,43.2,32.9,38.3,28.8,43.1,23.6,26.1
"Meadows, Austin","640457","2021","26","518","591","121","62","29","3","27","122","59",20.6,10,".234",".458",".315","0.773","0.224",".249","106","79",".240",".425",".327",".326",".325",".184",".370",".369","89.3","21.7",36.1,8.7,37.9,"99.236473035","93.763605871",24.4,46.7,40.3,34.2,25.5,28.7,36.9,23.8
"Anderson, Tim","641313","2021","28","527","551","163","115","29","2","17","119","22",21.6,4,".309",".469",".338","0.807","0.160",".372","61","94",".284",".448",".345",".329",".314",".164",".426",".407","89.6","4.3",32.5,7.8,42.3,"100.468994726","94.526930721",25.9,57.8,31.1,41.6,27.4,56,19.3,23
"Crawford, J.P.","641487","2021","26","619","687","169","123","37","0","9","114","58",16.6,8.4,".273",".376",".338","0.714","0.103",".320","54","89",".257",".339",".314",".298",".325",".082",".338",".316","86.3","9.8",34.3,2.4,30.6,"97.337774462","92.671236474",15.5,44.2,30.4,41.2,28.4,46.7,17.8,28.6
"Dozier, Hunter","641531","2021","29","487","543","105","56","27","6","16","154","43",28.4,7.9,".216",".394",".285","0.679","0.178",".276","54","55",".224",".388",".293",".299",".295",".163",".367",".377","89.9","15.8",33,8.8,42.2,"100.920294588","94.659477906",32.4,48.8,37.5,41.3,21.2,38.3,27.7,24.8
"Hampson, Garrett","641658","2021","26","453","494","106","68","21","6","11","118","33",23.9,6.7,".234",".380",".289","0.669","0.146",".291","33","69",".236",".374",".288",".291",".292",".138",".348",".353","87","13",34.7,5,31.2,"97.242538491","92.696106215",23.4,46,32.6,40,27.4,42.4,28.2,23.8
"Mancini III, Trey","641820","2021","29","556","616","142","87","33","1","21","143","51",23.2,8.3,".255",".432",".326","0.758","0.177",".308","71","77",".266",".452",".326",".341",".337",".186",".389",".412","88.9","9.7",36,10.4,42,"101.505868937","94.869304891",29.6,47,33.6,38.2,28.3,49,22.7,23.2
"McMahon, Ryan","641857","2021","26","528","596","134","78","32","1","23","147","59",24.7,9.9,".254",".449",".331","0.780","0.195",".306","86","80",".244",".426",".334",".325",".323",".182",".404",".391","90.5","14.3",40.2,7.3,43.5,"100.810510524","94.736908351",29.2,48.8,28.2,39.4,32.4,39.4,28,27.7
"O'Neill, Tyler","641933","2021","26","482","537","138","76","26","2","34","168","38",31.3,7.1,".286",".560",".352","0.912","0.274",".366","80","89",".279",".582",".384",".392",".347",".303",".536",".550","93","17.8",39.9,17.9,52.2,"104.172238365","97.016212516",34.7,49.8,36.2,36.8,27,36.2,31.4,24.8
"Smith, Dominic","642086","2021","26","446","493","109","78","20","0","11","112","32",22.7,6.5,".244",".363",".304","0.667","0.119",".298","58","43",".262",".420",".291",".325",".323",".158",".340",".389","89","14.9",40.6,6.5,40.6,"99.236681294","93.860401735",27.5,52,37.1,39.1,23.8,39.4,28.5,27.6
"Rosario, Amed","642708","2021","25","550","588","155","113","25","6","11","120","31",20.4,5.3,".282",".409",".321","0.730","0.127",".340","57","77",".267",".368",".315",".300",".310",".101",".373",".352","88.8","5.5",32,2.8,43.5,"100.03613414","94.229745093",24.8,48.9,27.9,41.9,30.2,51.4,18.9,25.1
"Adames, Willy","642715","2021","25","497","555","130","72","32","1","25","156","57",28.1,10.3,".262",".481",".337","0.818","0.219",".331","73","77",".236",".438",".349",".325",".314",".202",".453",".413","89.5","16.8",35.1,11.4,44.7,"100.71382731","94.667554152",32.6,48.9,42.1,34.8,23.1,37.1,36,21.6
"Benintendi, Andrew","643217","2021","26","493","538","136","90","27","2","17","97","36",18,6.7,".276",".442",".324","0.766","0.166",".309","73","63",".261",".456",".328",".331",".313",".194",".373",".377","89.6","15.4",38.5,8.9,43.2,"98.80441545","93.810618421",22.5,52.5,36,39.7,24.3,39.5,34.5,21.8
"Kiner-Falefa, Isiah","643396","2021","26","635","677","172","136","25","3","8","90","28",13.3,4.1,".271",".357",".312","0.669","0.086",".304","53","74",".267",".349",".293",".292",".309",".082",".313",".312","85.5","5.4",31.6,1.8,28.8,"96.328326447","92.167027033",14.5,46.5,31.6,38.5,29.9,54.4,15.5,25.9
"McNeil, Jeff","643446","2021","29","386","426","97","70","19","1","7","58","29",13.6,6.8,".251",".360",".319","0.679","0.109",".280","35","48",".257",".387",".301",".315",".325",".130",".306",".325","88.1","12",30.4,4.3,33.4,"97.717491472","93.070663221",18.2,56.1,35,34.7,30.4,46.8,22.5,22.8
"Albies, Ozzie","645277","2021","24","629","686","163","86","40","7","30","128","47",18.7,6.9,".259",".488",".310","0.798","0.229",".278","106","103",".257",".461",".336",".329",".309",".204",".387",".378","89.6","21.1",37,9.3,37.2,"98.68556664","93.56121501",24.9,56.8,42.5,31.9,25.6,31.5,38,22.8
"Devers, Rafael","646240","2021","24","591","664","165","89","37","1","38","143","62",21.5,9.3,".279",".538",".352","0.890","0.259",".307","113","101",".291",".567",".373",".394",".366",".276",".447",".477","92.9","13.1",35.2,15,51.8,"104.101831156","96.761008486",27.7,53.6,33,42.5,24.6,42.3,26.3,23.9
"Urías, Luis","649966","2021","24","490","570","122","73","25","1","23","116","63",20.4,11.1,".249",".445",".345","0.790","0.196",".280","75","77",".241",".427",".340",".333",".338",".186",".379",".368","87.9","14.2",34.9,9.3,40.5,"99.110538783","93.797357825",22.8,46.3,42.1,36.8,21.2,41.8,26.2,21.2
"Arraez, Luis","650333","2021","24","428","479","126","101","17","6","2","48","43",10,9,".294",".376",".357","0.733","0.082",".323","42","58",".295",".411",".321",".337",".359",".116",".319",".339","88.4","9.9",41.5,2.3,30.6,"96.178421451","92.305646935",10.7,43.5,26.9,41.2,31.9,46.6,23.3,28.5
"Torres, Gleyber","650402","2021","24","459","516","119","88","22","0","9","104","50",20.2,9.7,".259",".366",".331","0.697","0.107",".314","51","50",".265",".423",".307",".331",".336",".159",".342",".377","87.1","14.2",37.1,7.8,35.7,"98.748265196","93.463817961",26.3,46.7,34.3,39.1,26.6,41.8,26.3,25.8
"Castro, Willi","650489","2021","24","413","450","91","61","15","6","9","109","23",24.2,5.1,".220",".351",".273","0.624","0.131",".275","38","56",".244",".364",".271",".291",".296",".120",".325",".355","85.6","11.4",35.2,5.2,29.4,"98.135850329","93.089373663",29.3,56.6,29.7,35.2,35.2,48.1,22.9,22.6
"Díaz, Yandy","650490","2021","29","465","541","119","85","20","1","13","85","69",15.7,12.8,".256",".387",".353","0.740","0.131",".286","64","62",".254",".399",".325",".332",".353",".145",".331",".342","89.9","6.6",28.9,7,40.6,"101.639064531","95.019968229",19.3,42.6,31.3,41.1,27.6,52.1,22.7,19.5
"Chapman, Matt","656305","2021","28","529","622","111","66","15","3","27","202","80",32.5,12.9,".210",".403",".314","0.717","0.193",".272","72","75",".209",".423",".311",".321",".315",".214",".403",".421","89.7","18.6",32.1,13.7,41.7,"101.114826012","94.75382",32.7,44.6,37.8,39.9,22.3,33.6,37.8,18.8
"Hoskins, Rhys","656555","2021","28","389","443","96","40","29","0","27","108","47",24.4,10.6,".247",".530",".334","0.864","0.283",".270","71","64",".249",".564",".364",".378",".336",".315",".443",".463","91.2","21.7",36.7,17,46.3,"101.79413669","95.329740106",26.4,44.4,42.8,33.2,24,29.7,36.7,24.4
"Mullins II, Cedric","656775","2021","26","602","675","175","103","37","5","30","125","59",18.5,8.7,".291",".518",".360","0.878","0.227",".322","59","91",".272",".447",".372",".344",".344",".175",".425",".386","89.4","14.8",35.7,8.1,39.4,"99.369452076","93.977727373",20.4,46.3,41.7,33.2,25.1,40.7,27.8,23.9
"Schwarber, Kyle","656941","2021","28","399","471","106","55","19","0","32","127","64",27,13.6,".266",".554",".374","0.928","0.288",".306","71","76",".265",".565",".392",".399",".375",".300",".497",".510","92.3","15.4",36.9,17.5,52.2,"103.877508029","96.636824762",28.6,41.4,43.8,36.1,20.1,39.4,33.6,20.8
"Smith, Pavin","656976","2021","25","498","545","133","91","27","4","11","106","42",19.4,7.7,".267",".404",".328","0.732","0.137",".319","49","68",".258",".402",".318",".317",".321",".144",".361",".359","87.2","9",33.6,5.1,42.7,"100.06822449","94.188626913",17.3,42.1,34.4,40.2,25.4,47.8,22.4,23.4
"Verdugo, Alex","657077","2021","25","544","604","157","110","32","2","13","96","51",15.9,8.4,".289",".426",".351","0.777","0.137",".327","63","88",".284",".441",".334",".340",".348",".156",".366",".373","90","7.7",34.7,7.1,43,"100.313736106","94.480309357",17.7,44.7,33.1,40.4,26.5,50.3,21,24.3
"DeJong, Paul","657557","2021","27","356","402","70","40","10","1","19","103","35",25.6,8.7,".197",".390",".284","0.674","0.193",".216","45","44",".211",".416",".293",".312",".298",".205",".342",".371","86.3","16.4",33.3,10.6,35.3,"98.561855703","93.314646549",27.9,50,41.6,35.7,22.7,38.4,34.5,19.6
"Moncada, Yoán","660162","2021","26","520","616","137","89","33","1","14","157","84",25.5,13.6,".263",".412",".375","0.787","0.149",".350","61","74",".261",".426",".347",".353",".374",".165",".408",".418","90.1","11.3",40,8.2,41.2,"100.949227444","94.870101083",28.1,42.6,35.6,37.5,26.8,44.1,20.3,31
"Ohtani, Shohei","660271","2021","26","537","639","138","58","26","8","46","189","96",29.6,15,".257",".592",".372","0.964","0.335",".303","100","103",".266",".612",".393",".408",".382",".346",".537",".566","93.6","16.6",35.4,22.3,53.6,"105.900177151","97.802022297",35,45.8,46.6,30.6,22.9,39.7,34.6,20.9
"Riley, Austin","663586","2021","24","590","662","179","112","33","1","33","168","52",25.4,7.9,".303",".531",".367","0.898","0.228",".368","107","91",".281",".511",".379",".366",".348",".231",".482",".461","90.1","14.2",36.5,13.3,45.6,"102.871134252","95.650249087",28.3,50.2,39.5,36.7,23.7,38.8,24.9,28.6
"Mountcastle, Ryan","663624","2021","24","534","586","136","79","23","1","33","161","41",27.5,7,".255",".487",".309","0.796","0.232",".297","89","77",".245",".457",".335",".326",".303",".212",".436",".422","89.1","16.3",38.9,11.8,39.7,"100.499725842","94.394270947",31.6,55.1,38.7,32.9,28.4,35.5,33.9,24.7
"Tucker, Kyle","663656","2021","24","506","567","149","79","37","3","30","90","53",15.9,9.3,".294",".557",".359","0.916","0.263",".304","92","83",".303",".576",".383",".396",".369",".272",".428",".447","91.4","17.6",42,11.6,47.5,"100.838759238","95.0535942",20.3,52.5,34.9,40.9,24.2,34,33.5,27.1
"India, Jonathan","663697","2021","24","532","631","143","86","34","2","21","141","71",22.3,11.3,".269",".459",".376","0.835","0.190",".326","69","98",".254",".436",".363",".352",".364",".182",".413",".395","87.6","13.1",33.6,9.6,38.6,"99.492120758","93.903783494",25.1,39,48.5,34.1,17.4,44.9,26.3,22.7
"Grisham, Trent","663757","2021","24","462","527","112","66","28","3","15","119","54",22.6,10.2,".242",".413",".327","0.740","0.171",".292","62","61",".241",".368",".320",".309",".328",".127",".368",".351","88.8","12.3",31,5.2,36.8,"99.288052118","93.873059115",21.7,40.5,38.5,35.9,25.6,42,23.3,26.4
"Stephenson, Tyler","663886","2021","24","350","402","100","69","21","0","10","75","41",18.7,10.2,".286",".431",".366","0.797","0.145",".333","45","56",".257",".391",".346",".324",".343",".134",".381",".350","88.4","7.4",36.1,5.4,38.2,"98.493700286","93.431145484",19.2,40.4,31.8,33.6,34.6,50,18.6,27.9
"Rodgers, Brendan","663898","2021","24","387","415","110","71","21","3","15","84","19",20.2,4.6,".284",".470",".328","0.798","0.186",".328","51","49",".253",".414",".341",".311",".300",".161",".404",".364","88.8","6.3",30.5,6.2,40.3,"100.401677303","94.342929835",23,52.5,30.8,40.7,28.5,50.8,21,24.3
"Lowe, Nathaniel","663993","2021","25","557","642","147","102","24","3","18","162","80",25.2,12.5,".264",".415",".357","0.772","0.151",".339","72","75",".236",".401",".337",".323",".333",".165",".403",".381","90.8","5",31.4,9.5,45.5,"101.920030352","95.281020854",23.5,44.7,24.9,39.9,35.2,54.5,23.4,20.9
"Happ, Ian","664023","2021","26","465","535","105","59","20","1","25","156","62",29.2,11.6,".226",".434",".323","0.757","0.208",".281","66","63",".220",".396",".328",".317",".320",".176",".414",".396","89.5","9.9",30.8,10.9,41.3,"100.682785163","94.566082557",32.3,43.9,37.8,32.7,29.5,47.1,28.2,20.2
"France, Ty","664034","2021","26","571","650","166","115","32","1","18","106","46",16.3,7.1,".291",".445",".368","0.813","0.154",".327","73","85",".270",".435",".353",".346",".353",".165",".379",".370","88.5","11",35.9,6.8,38.9,"99.630842766","93.91855583",19.1,50.3,35.7,38.6,25.7,46.7,21.2,26.5
"Lowe, Brandon","664040","2021","26","535","615","132","62","31","0","39","167","68",27.2,11.1,".247",".523",".340","0.863","0.276",".280","99","97",".249",".499",".363",".360",".343",".250",".462",".456","89.3","16.9",37.2,14,43.1,"100.943196413","94.724953913",32.8,52.5,39.4,35.3,25.3,34.8,32.9,24.8
"Bader, Harrison","664056","2021","27","367","401","98","60","21","1","16","85","27",21.2,6.7,".267",".460",".324","0.784","0.193",".306","50","45",".227",".388",".331",".290",".288",".162",".396",".339","86.2","13.3",27.1,7,31.7,"98.203918169","93.140672887",24.7,47.5,38.4,35.9,25.7,44,28.2,18
"Fletcher, David","664058","2021","27","626","665","164","132","27","3","2","60","31",9,4.7,".262",".324",".297","0.621","0.062",".287","47","74",".272",".320",".273",".280",".307",".048",".279",".288","82.3","8.2",30.4,0,15.7,"92.661183488","90.514600036",9.5,46.5,29,35.1,36,49.4,16.2,27.1
"Straw, Myles","664702","2021","26","564","638","153","119","29","1","4","121","67",19,10.5,".271",".348",".349","0.697","0.077",".336","48","86",".256",".333",".311",".303",".336",".077",".336",".324","87.1","11.9",42.6,1.3,26.2,"95.725614253","91.886357172",13.5,40.4,25.7,38.8,35.5,41.1,24.6,31.5
"Bohm, Alec","664761","2021","24","380","417","94","72","15","0","7","111","31",26.6,7.4,".247",".342",".305","0.647","0.095",".327","47","46",".261",".392",".285",".313",".319",".131",".352",".394","92","5.6",33.3,6.6,49.5,"101.960323162","95.478773173",26.7,48.9,26,42.5,31.5,52.7,16.5,28.2
"Walsh, Jared","665120","2021","27","530","585","147","83","34","1","29","152","48",26,8.2,".277",".509",".340","0.849","0.232",".335","98","70",".256",".434",".357",".326",".322",".178",".459",".412","89.6","7.6",33.6,11.3,41.3,"101.660333632","94.949250264",26,49.3,37.3,41.7,21,49.6,19.7,24.9
"Tatis Jr., Fernando","665487","2021","22","478","546","135","62","31","0","42","153","62",28,11.4,".282",".611",".364","0.975","0.329",".324","97","99",".279",".615",".403",".407",".363",".336",".539",".546","93.9","13.8",33.1,21.3,55.6,"105.698422927","97.793088537",34.8,51.5,42.2,36.2,21.6,41,29.8,21.6
"Guerrero Jr., Vladimir","665489","2021","22","604","698","188","110","29","1","48","110","86",15.8,12.3,".311",".601",".401","1.002","0.290",".313","111","123",".311",".597",".419",".421",".402",".286",".465",".468","95.1","9.4",33.7,15.1,55.2,"106.811861538","98.446351968",27.8,47.3,37.9,35.9,26.2,45.6,25.2,24.4
"Soto, Juan","665742","2021","22","502","654","157","106","20","2","29","93","145",14.2,22.2,".313",".534",".465","0.999","0.221",".332","95","111",".305",".545",".420",".429",".463",".241",".433",".447","93","5.8",29.7,13.3,52.7,"104.58028599","97.062348402",20,35,29,44.4,26.6,52.9,20.8,22.5
"Chisholm Jr., Jazz","665862","2021","23","464","507","115","73","20","4","18","145","34",28.6,6.7,".248",".425",".303","0.728","0.177",".319","53","70",".238",".409",".312",".307",".295",".171",".408",".399","90.2","9",29,9,42,"100.832046938","94.723985799",29.7,47.2,37,35.8,27.2,49.4,24.4,21.9
"Bichette, Bo","666182","2021","23","640","690","191","131","30","1","29","137","40",19.9,5.8,".298",".484",".343","0.827","0.186",".339","102","121",".291",".490",".354",".355",".337",".198",".418",".420","91.4","7.3",33.5,9.9,47.5,"102.637648103","95.817675415",22.3,57.8,29,37.5,33.5,49.3,22.3,23.9
"Carlson, Dylan","666185","2021","22","542","619","144","91","31","4","18","152","57",24.6,9.2,".266",".437",".343","0.780","0.171",".332","65","79",".247",".407",".336",".322",".328",".159",".404",".383","88.2","15.1",40.6,7,31.1,"97.425225408","92.83641898",27.9,45,39.3,32.6,28.1,40.1,31.1,24.3
"Dalbec, Bobby","666915","2021","26","417","453","100","49","21","5","25","156","28",34.4,6.2,".240",".494",".298","0.792","0.254",".316","78","50",".236",".522",".334",".344",".294",".286",".485",".503","92.4","17.3",36.3,20.2,48.1,"103.531018321","96.182176603",38.2,50.4,35.9,38.2,26,37,34,22.9
"García, Adolis","666969","2021","28","581","622","141","82","26","2","31","194","32",31.2,5.1,".243",".454",".286","0.740","0.211",".306","90","77",".220",".422",".314",".299",".267",".202",".434",".410","91","14.7",29.4,11.5,45.5,"101.116772974","95.023074923",34.2,54.1,40.2,36.3,23.5,43,30.7,19.7
"Gurriel Jr., Lourdes","666971","2021","27","500","541","138","87","28","2","21","102","32",18.9,5.9,".276",".466",".319","0.785","0.190",".305","84","62",".272",".462",".333",".339",".319",".190",".387",".396","89.7","10.5",35.8,9.6,43,"100.4470094","94.556565915",24.2,50.9,34.3,37.8,27.9,45.4,25.2,24.4
"Arozarena, Randy","668227","2021","26","529","604","145","90","32","3","20","170","56",28.1,9.3,".274",".459",".356","0.815","0.185",".363","69","94",".222",".369",".350",".304",".313",".147",".450",".375","89.9","7.6",29.7,8.2,42.3,"101.268214833","94.942033565",32.4,44.2,35.4,42.6,22,49.2,20.6,22.8
"Baddoo, Akil","668731","2021","22","413","461","107","67","20","7","13","122","45",26.5,9.8,".259",".436",".330","0.766","0.177",".335","55","60",".227",".403",".329",".309",".303",".176",".411",".379","86","13.8",37.4,8.8,32.3,"97.336299252","92.67365534",30.2,46.4,37.4,36.1,26.5,40.5,30.6,22.8
"Reynolds, Bryan","668804","2021","26","559","646","169","102","35","8","24","119","75",18.4,11.6,".302",".522",".390","0.912","0.220",".345","90","93",".294",".523",".385",".386",".384",".229",".437",".438","89.4","13.4",39.9,10.4,40.8,"100.899979412","94.776504943",23.9,48.9,39.9,36.9,23,39.9,28.6,26.8
"Rojas, Josh","668942","2021","27","484","550","128","82","32","3","11","137","58",24.9,10.5,".264",".411",".341","0.752","0.147",".345","44","69",".232",".352",".327",".295",".313",".120",".396",".347","88.2","8.4",40.7,4.8,31.1,"97.144273046","92.673279109",23.5,42.2,35.9,39,25.1,49.6,20.8,27.6
"Murphy, Sean","669221","2021","26","393","448","85","45","23","0","17","114","40",25.4,8.9,".216",".405",".306","0.711","0.189",".257","59","47",".240",".441",".309",".337",".329",".201",".363",".407","89.2","15.4",31.9,11.3,42.6,"100.661814539","94.600015196",27.8,47.6,41.5,37.2,21.3,40.1,28,23.4
"Edman, Tommy","669242","2021","26","641","691","168","113","41","3","11","95","38",13.7,5.5,".262",".387",".308","0.695","0.125",".291","56","91",".274",".401",".301",".316",".320",".127",".322",".341","87.5","9.5",31.5,4.2,35.1,"98.07999625","93.108010092",14.9,47.4,41.1,34.6,24.3,46.9,23.7,24.5
"Solak, Nick","669256","2021","26","458","511","111","80","18","2","11","107","34",20.9,6.7,".242",".362",".314","0.676","0.120",".292","49","57",".238",".361",".299",".299",".310",".124",".334",".335","86.9","7",29.3,6.5,33.5,"98.209109143","93.137323639",24.8,46,30.1,43.1,26.8,54.6,19.7,20
"Smith, Will","669257","2021","26","414","501","107","61","19","2","25","101","58",20.2,11.6,".258",".495",".365","0.860","0.237",".274","76","71",".250",".472",".364",".364",".365",".221",".403",".403","90.1","19.4",38,10.8,43.8,"99.821996975","94.229229784",21.2,41.9,34.3,41,24.7,31.2,41.4,21.6
"Hays, Austin","669720","2021","25","488","529","125","73","26","4","22","107","28",20.2,5.3,".256",".461",".308","0.769","0.205",".286","71","73",".245",".432",".328",".316",".298",".187",".384",".368","88.8","12.5",32.2,9.1,39.2,"99.72384466","93.967000942",24.6,46.4,38.4,37.1,24.4,43.4,26.8,22.6
"Lopez, Nicky","670032","2021","26","497","565","149","120","21","6","2","74","49",13.1,8.7,".300",".378",".365","0.743","0.078",".347","43","78",".239",".305",".329",".283",".313",".065",".340",".281","86.8","2.8",27.6,0.7,26.9,"95.857798365","91.988841157",15.4,45.1,24.9,46.1,29,58,16.9,22.1
"Alvarez, Yordan","670541","2021","24","537","598","149","80","35","1","33","145","50",24.2,8.4,".277",".531",".346","0.877","0.254",".320","104","92",".279",".570",".369",".389",".351",".290",".460",".490","93.2","14.1",37.2,15.9,54.2,"104.437748426","97.123948655",22.7,43.1,34.2,37.5,28.4,38,30.1,27.6
"Vaughn, Andrew","683734","2021","23","417","469","98","61","22","0","15","101","41",21.5,8.7,".235",".396",".309","0.705","0.161",".271","48","56",".243",".434",".306",".332",".321",".192",".346",".383","91.1","9.7",33.6,10.9,47.3,"101.715651","95.245244169",24.6,45.4,30.8,38.3,30.8,43.9,27.7,24.6